Water Area,Scheme,Type,Priority Group,Zone/Location,Current Volume (ML),Maximum Volume (ML),Trading Headroom (ML)
Border Rivers,Macintyre Brook Water Supply Scheme,Supplemented,High Priority,Macintyre Brook Zone A,28.0,488.0,460.0
Border Rivers,Macintyre Brook Water Supply Scheme,Supplemented,High Priority,Macintyre Brook Zone B,460.0,488.0,28.0
Border Rivers,Macintyre Brook Water Supply Scheme,Supplemented,High Priority,Macintyre Brook Zone C,0.0,488.0,488.0
Border Rivers,Macintyre Brook Water Supply Scheme,Supplemented,Medium Priority,Macintyre Brook Zone A,1454.0,18109.0,16655.0
Border Rivers,Macintyre Brook Water Supply Scheme,Supplemented,Medium Priority,Macintyre Brook Zone B,10187.0,18109.0,7922.0
Border Rivers,Macintyre Brook Water Supply Scheme,Supplemented,Medium Priority,Macintyre Brook Zone C,12868.0,24509.0,11641.0
Burnett Basin,Barker Barambah Water Supply Scheme,Supplemented,High Priority,Barambah Zone HB,0.0,0.0,0.0
Burnett Basin,Barker Barambah Water Supply Scheme,Supplemented,High Priority,Barambah Zone HC,450.0,450.0,0.0
Burnett Basin,Barker Barambah Water Supply Scheme,Supplemented,High Priority,Barambah Zone HD,1786.0,1786.0,0.0
Burnett Basin,Barker Barambah Water Supply Scheme,Supplemented,High Priority,Barambah Zone HE,0.0,0.0,0.0
Burnett Basin,Barker Barambah Water Supply Scheme,Supplemented,High Priority,Barambah Zone HZ,0.0,0.0,0.0
Burnett Basin,Barker Barambah Water Supply Scheme,Supplemented,High Priority,Barambah Zone JA,0.0,0.0,0.0
Burnett Basin,Barker Barambah Water Supply Scheme,Supplemented,Medium Priority,Barambah Zone HD,1672.0,2577.0,905.0
Burnett Basin,Barker Barambah Water Supply Scheme,Supplemented,Medium Priority,Barambah Zone HB,10567.0,16661.0,6094.0
Burnett Basin,Barker Barambah Water Supply Scheme,Supplemented,Medium Priority,Barambah Zone HZ,5724.0,6659.0,935.0
Burnett Basin,Barker Barambah Water Supply Scheme,Supplemented,Medium Priority,Barambah Zone HC,6977.0,15321.0,8344.0
Burnett Basin,Barker Barambah Water Supply Scheme,Supplemented,Medium Priority,Barambah Zone HZ,5724.0,6659.0,935.0
Burnett Basin,Barker Barambah Water Supply Scheme,Supplemented,Medium Priority,Barambah Zone HE,4343.0,4501.0,158.0
Burnett Basin,Barker Barambah Water Supply Scheme,Supplemented,Medium Priority,Barambah Zone JA,2638.0,2721.0,83.0
Burnett Basin,Barker Barambah Water Management Area,Unsupplemented,Unsupplemented,Barambah Zone HJ,3799.0,4749.0,950.0
Burnett Basin,Barker Barambah Water Management Area,Unsupplemented,Unsupplemented,Barambah Zone HK,3835.0,4794.0,959.0
Burnett Basin,Barker Barambah Water Management Area,Unsupplemented,Unsupplemented,Barambah Zone HL,1003.0,1254.0,251.0
Burnett Basin,Barker Barambah Water Management Area,Unsupplemented,Unsupplemented,Barambah Zone JD,1040.0,1300.0,260.0
Burnett Basin,Barker Barambah Water Management Area,Unsupplemented,Unsupplemented,Barker Zone JC,45.0,56.0,11.0
Burnett Basin,Boyne River and Tarong Water Supply Scheme,Supplemented,High Priority,Boyne Zone KA,33920.0,37714.0,3794.0
Burnett Basin,Boyne River and Tarong Water Supply Scheme,Supplemented,High Priority,Boyne Zone LA,0.0,0.0,0.0
Burnett Basin,Boyne River and Tarong Water Supply Scheme,Supplemented,Medium Priority,Boyne Zone KA,100.0,13309.0,13209.0
Burnett Basin,Boyne River and Tarong Water Supply Scheme,Supplemented,Medium Priority,Boyne Zone LA,9385.0,13309.0,3924.0
Burnett Basin,Bundaberg Water Supply Scheme,Supplemented,High Priority,Burnett Zone CA,34323.0,36570.0,2247.0
Burnett Basin,Bundaberg Water Supply Scheme,Supplemented,High Priority,Burnett Zone CB,2225.0,37050.0,34825.0
Burnett Basin,Bundaberg Water Supply Scheme,Supplemented,High Priority,Burnett Zone GZ,500.0,20000.0,19500.0
Burnett Basin,Bundaberg Water Supply Scheme,Supplemented,High Priority,Kolan Zone AA,3280.0,3600.0,320.0
Burnett Basin,Bundaberg Water Supply Scheme,Supplemented,High Priority,Kolan Zone AB,53.0,105.0,52.0
Burnett Basin,Bundaberg Water Supply Scheme,Supplemented,High Priority,Kolan Zone AC,0.0,280.0,280.0
Burnett Basin,Bundaberg Water Supply Scheme,Supplemented,High Priority,Kolan Zone AD,3991.0,4190.0,199.0
Burnett Basin,Bundaberg Water Supply Scheme,Supplemented,Medium Priority,Burnett Zone CA,175085.0,189325.0,14240.0
Burnett Basin,Bundaberg Water Supply Scheme,Supplemented,Medium Priority,Burnett Zone CB,30927.0,156760.0,125833.0
Burnett Basin,Bundaberg Water Supply Scheme,Supplemented,Medium Priority,Burnett Zone GZ,21644.0,41235.0,19591.0
Burnett Basin,Bundaberg Water Supply Scheme,Supplemented,Medium Priority,Kolan Zone AA,38055.0,42553.0,4498.0
Burnett Basin,Bundaberg Water Supply Scheme,Supplemented,Medium Priority,Kolan Zone AB,2696.0,6790.0,4094.0
Burnett Basin,Bundaberg Water Supply Scheme,Supplemented,Medium Priority,Kolan Zone AC,2117.0,5160.0,3043.0
Burnett Basin,Bundaberg Water Supply Scheme,Supplemented,Medium Priority,Kolan Zone AD,60933.0,67180.0,6247.0
Burnett Basin,Lower Burnett and Kolan Rivers Water Management Area,Unsupplemented,Unsupplemented,Burnett Zone CA,1311.0,1828.0,517.0
Burnett Basin,Lower Burnett and Kolan Rivers Water Management Area,Unsupplemented,Unsupplemented,Burnett Zone CB,462.0,646.0,184.0
Burnett Basin,Lower Burnett and Kolan Rivers Water Management Area,Unsupplemented,Unsupplemented,Kolan Zone AA,279.0,335.0,56.0
Burnett Basin,Lower Burnett and Kolan Rivers Water Management Area,Unsupplemented,Unsupplemented,Kolan Zone AB,0.0,170.0,170.0
Burnett Basin,Lower Burnett and Kolan Rivers Water Management Area,Unsupplemented,Unsupplemented,Kolan Zone AC,570.0,788.0,218.0
Burnett Basin,Upper Burnett Water Supply Scheme,Supplemented,High Priority,Burnett/Auburn Zone MA,0.0,0.0,0.0
Burnett Basin,Upper Burnett Water Supply Scheme,Supplemented,High Priority,Burnett Zone GB,0.0,0.0,0.0
Burnett Basin,Upper Burnett Water Supply Scheme,Supplemented,High Priority,Burnett Zone GY,0.0,180.0,180.0
Burnett Basin,Upper Burnett Water Supply Scheme,Supplemented,High Priority,Burnett Zone GZ,0.0,0.0,0.0
Burnett Basin,Upper Burnett Water Supply Scheme,Supplemented,High Priority,Burnett Zone MA,0.0,0.0,0.0
Burnett Basin,Upper Burnett Water Supply Scheme,Supplemented,High Priority,Burnett Zone NA,0.0,1000.0,1000.0
Burnett Basin,Upper Burnett Water Supply Scheme,Supplemented,High Priority,Burnett Zone NB,850.0,0.0,0.0
Burnett Basin,Upper Burnett Water Supply Scheme,Supplemented,High Priority,Burnett Zone NC,0.0,0.0,0.0
Burnett Basin,Upper Burnett Water Supply Scheme,Supplemented,High Priority,Burnett Zone OA,320.0,320.0,0.0
Burnett Basin,Upper Burnett Water Supply Scheme,Supplemented,High Priority,Burnett Zone OB,0.0,0.0,0.0
Burnett Basin,Upper Burnett Water Supply Scheme,Supplemented,High Priority,Burnett Zone OC,200.0,350.0,150.0
Burnett Basin,Upper Burnett Water Supply Scheme,Supplemented,High Priority,Burnett Zone OD,0.0,0.0,0.0
Burnett Basin,Upper Burnett Water Supply Scheme,Supplemented,High Priority,Burnett Zone PA,0.0,0.0,0.0
Burnett Basin,Upper Burnett Water Supply Scheme,Supplemented,High Priority,Nogo Zone SA,0.0,0.0,0.0
Burnett Basin,Upper Burnett Water Supply Scheme,Supplemented,High Priority,Burnett/Nogo Zone SB,10.0,10.0,0.0
Burnett Basin,Upper Burnett Water Supply Scheme,Supplemented,Medium Priority,Burnett Zone OB,6755.0,11338.0,4583.0
Burnett Basin,Upper Burnett Water Supply Scheme,Supplemented,Medium Priority,Burnett Zone OC,1328.0,4283.0,2955.0
Burnett Basin,Upper Burnett Water Supply Scheme,Supplemented,Medium Priority,Burnett Zone SA,950.0,4000.0,3050.0
Burnett Basin,Upper Burnett Water Supply Scheme,Supplemented,Medium Priority,Burnett/Nogo Zone SB,1050.0,4050.0,3000.0
Burnett Basin,Upper Burnett Water Supply Scheme,Supplemented,Medium Priority,Burnett Zone NC,7867.0,20507.0,12640.0
Burnett Basin,Upper Burnett Water Supply Scheme,Supplemented,Medium Priority,Burnett/Auburn Zone MA,1346.0,10593.0,9247.0
Burnett Basin,Upper Burnett Water Supply Scheme,Supplemented,Medium Priority,Burnett Zone OA,11427.0,16253.0,4826.0
Burnett Basin,Upper Burnett Water Supply Scheme,Supplemented,Medium Priority,Burnett Zone OD,390.0,1560.0,1170.0
Burnett Basin,Upper Burnett Water Supply Scheme,Supplemented,Medium Priority,Burnett Zone PA,1170.0,1560.0,390.0
Burnett Basin,Upper Burnett Water Supply Scheme,Supplemented,Medium Priority,Burnett Zone GY,2908.0,14444.0,11536.0
Burnett Basin,Upper Burnett Water Supply Scheme,Supplemented,Medium Priority,Burnett Zone GB,2646.0,7363.0,4717.0
Burnett Basin,Upper Burnett Water Supply Scheme,Supplemented,Medium Priority,Burnett Zone NA,3717.0,8601.0,4884.0
Burnett Basin,Upper Burnett Water Supply Scheme,Supplemented,Medium Priority,Burnett Zone NB,5766.0,10138.0,4372.0
Burnett Basin,Upper Burnett and Nogo Rivers Water Management Area,Unsupplemented,Unsupplemented,Burnett Zone GA,605.0,806.0,201.0
Burnett Basin,Upper Burnett and Nogo Rivers Water Management Area,Unsupplemented,Unsupplemented,Burnett Zone GB,511.0,679.0,168.0
Burnett Basin,Upper Burnett and Nogo Rivers Water Management Area,Unsupplemented,Unsupplemented,Burnett Zone MA,146.0,199.0,53.0
Burnett Basin,Upper Burnett and Nogo Rivers Water Management Area,Unsupplemented,Unsupplemented,Burnett Zone NA,524.0,703.0,179.0
Burnett Basin,Upper Burnett and Nogo Rivers Water Management Area,Unsupplemented,Unsupplemented,Burnett Zone NB,1177.0,1400.0,223.0
Burnett Basin,Upper Burnett and Nogo Rivers Water Management Area,Unsupplemented,Unsupplemented,Burnett Zone NC,820.0,1293.0,473.0
Burnett Basin,Upper Burnett and Nogo Rivers Water Management Area,Unsupplemented,Unsupplemented,Burnett Zone OA,1101.0,1519.0,418.0
Burnett Basin,Upper Burnett and Nogo Rivers Water Management Area,Unsupplemented,Unsupplemented,Burnett Zone OB,703.0,973.0,270.0
Burnett Basin,Upper Burnett and Nogo Rivers Water Management Area,Unsupplemented,Unsupplemented,Burnett Zone OC,25.0,35.0,10.0
Burnett Basin,Upper Burnett and Nogo Rivers Water Management Area,Unsupplemented,Unsupplemented,Burnett Zone OD,66.0,66.0,0.0
Burnett Basin,Upper Burnett and Nogo Rivers Water Management Area,Unsupplemented,Unsupplemented,Burnett Zone PA,1700.0,1700.0,0.0
Burdekin Basin,Bowen Broken Water Supply Scheme,Supplemented,High-A1 Priority,Bowen Broken Zone C,11649.0,18649.0,7000.0
Burdekin Basin,Bowen Broken Water Supply Scheme,Supplemented,High Priority,Bowen Broken Zone E,21605.0,21605.0,0.0
Burdekin Basin,Bowen Broken Water Supply Scheme,Supplemented,Medium Priority,Bowen Broken Zone A,1800.0,3600.0,1800.0
Burdekin Basin,Bowen Broken Water Supply Scheme,Supplemented,Medium Priority,Bowen Broken Zone B,3876.0,5676.0,1800.0
Burdekin Basin,Bowen Broken Water Supply Scheme,Supplemented,Medium Priority,Bowen Broken Zone C,0.0,5676.0,5676.0
Burdekin Basin,Bowen Broken Water Supply Scheme,Supplemented,Medium Priority,Bowen Broken Zone D,0.0,45.0,45.0
Burdekin Basin,Burdekin Haughton Water Supply Scheme,Supplemented,High Priority,Burdekin Zone C,49969.0,100000.0,50031.0
Burdekin Basin,Burdekin Haughton Water Supply Scheme,Supplemented,High Priority,Burdekin Zone D,49999.0,50000.0,1.0
Burdekin Basin,Burdekin Haughton Water Supply Scheme,Supplemented,High Priority,Burdekin Zone E,30.0,25000.0,24970.0
Burdekin Basin,Burdekin Haughton Water Supply Scheme,Supplemented,High Priority,Haughton Zone A,0.0,8800.0,8800.0
Burdekin Basin,Burdekin Haughton Water Supply Scheme,Supplemented,High Priority,Burdekin Zone A**,0.0,20000.0,20000.0
Burdekin Basin,Burdekin Haughton Water Supply Scheme,Supplemented,High Priority,Burdekin Zone B**,0.0,0.0,0.0
Burdekin Basin,Burdekin Haughton Water Supply Scheme,Supplemented,Medium Priority,Burdekin Zone C,620402.0,850000.0,229598.0
Burdekin Basin,Burdekin Haughton Water Supply Scheme,Supplemented,Medium Priority,Burdekin Zone D,0.0,25000.0,25000.0
Burdekin Basin,Burdekin Haughton Water Supply Scheme,Supplemented,Medium Priority,Burdekin Zone E,0.0,75000.0,75000.0
Burdekin Basin,Burdekin Haughton Water Supply Scheme,Supplemented,Medium Priority,Haughton Zone A,44384.0,49178.0,4794.0
Burdekin Basin,Burdekin Haughton Water Supply Scheme,Supplemented,Medium Priority,Burdekin Zone A**,279681.0,350000.0,70319.0
Burdekin Basin,Burdekin Haughton Water Supply Scheme,Supplemented,Medium Priority,Burdekin Zone B**,35127.0,0.0,0.0
Condamine and Balonne,Upper Condamine Water Supply Scheme,Supplemented,Medium Priority,Upper Condamine Zone UCS-01,348.0,810.0,462.0
Condamine and Balonne,Upper Condamine Water Supply Scheme,Supplemented,Medium Priority,Upper Condamine Zone UCS-02,2883.0,3316.0,433.0
Condamine and Balonne,Upper Condamine Water Supply Scheme,Supplemented,Medium Priority,Upper Condamine Zone UCS-03,7565.0,7155.0,-410.0
Condamine and Balonne,Upper Condamine Water Supply Scheme,Supplemented,Medium Priority,Upper Condamine Zone UCS-04,11532.0,11857.0,325.0
Condamine and Balonne,Chinchilla Weir Water Supply Scheme,Supplemented,Medium Priority,Condamine Balonne Zone CBS-01,2022.0,2884.0,862.0
Condamine and Balonne,Chinchilla Weir Water Supply Scheme,Supplemented,Medium Priority,Condamine Balonne Zone CBS-02,61.0,61.0,0.0
Condamine and Balonne,Chinchilla Weir Water Supply Scheme,Supplemented,Medium Priority,Condamine Balonne Zone CBS-03,75.0,801.0,726.0
Condamine and Balonne,Chinchilla Weir Water Supply Scheme,Supplemented,Medium Priority,Condamine Balonne Zone CBS-04,726.0,726.0,0.0
Condamine and Balonne,St George Water Supply Scheme,Supplemented,High Priority,LBS-01,390.0,390.0,0.0
Condamine and Balonne,St George Water Supply Scheme,Supplemented,High Priority,LBS-02,2610.0,2610.0,0.0
Condamine and Balonne,St George Water Supply Scheme,Supplemented,Medium Priority,LBS-01,34274.0,81575.0,47301.0
Condamine and Balonne,St George Water Supply Scheme,Supplemented,Medium Priority,LBS-02,40388.0,81575.0,41187.0
Condamine and Balonne,St George Water Supply Scheme,Supplemented,Medium Priority,LBS-03 **,4093.0,5619.0,1526.0
Condamine and Balonne,St George Water Supply Scheme,Supplemented,Medium Priority,LBS-04,2820.0,3130.0,310.0
Fitzroy Basin,Callide Valley Water Supply Scheme,Supplemented,Unspecified,Zone Callide 10B,0.0,0.0,0.0
Fitzroy Basin,Callide Valley Water Supply Scheme,Supplemented,Unspecified,Zone Callide 7,0.0,0.0,0.0
Fitzroy Basin,Callide Valley Water Supply Scheme,Supplemented,Unspecified,Zone Callide 8A,0.0,0.0,0.0
Fitzroy Basin,Callide Valley Water Supply Scheme,Supplemented,Unspecified,Zone Callide 8B,0.0,0.0,0.0
Fitzroy Basin,Callide Valley Water Supply Scheme,Supplemented,Unspecified,Zone Callide 3B,79.0,100.0,21.0
Fitzroy Basin,Callide Valley Water Supply Scheme,Supplemented,Unspecified,Zone Callide 3A,0.0,500.0,500.0
Fitzroy Basin,Callide Valley Water Supply Scheme,Supplemented,Unspecified,Zone Callide 5,987.0,0.0,0.0
Fitzroy Basin,Callide Valley Water Supply Scheme,Supplemented,High Priority,Zone Callide 10B,1949.0,1949.0,0.0
Fitzroy Basin,Callide Valley Water Supply Scheme,Supplemented,High Priority,Zone Callide 3B,2880.0,3230.0,350.0
Fitzroy Basin,Callide Valley Water Supply Scheme,Supplemented,High Priority,Zone Callide 7,1892.0,1965.0,73.0
Fitzroy Basin,Callide Valley Water Supply Scheme,Supplemented,High Priority,Zone Callide 8A,931.0,1300.0,369.0
Fitzroy Basin,Callide Valley Water Supply Scheme,Supplemented,High Priority,Zone Callide 8B,828.0,1079.0,251.0
Fitzroy Basin,Callide Valley Water Supply Scheme,Supplemented,High Priority,Zone Callide 3A,3099.0,5815.0,2716.0
Fitzroy Basin,Callide Valley Water Supply Scheme,Supplemented,High Priority,Zone Callide 5,1979.0,2510.0,531.0
Fitzroy Basin,Callide Valley Water Supply Scheme,Supplemented,High Priority,Zone Callide A,0.0,0.0,0.0
Fitzroy Basin,Callide Valley Water Supply Scheme,Supplemented,High Priority,Zone Callide B,261.0,514.0,253.0
Fitzroy Basin,Callide Valley Water Supply Scheme,Supplemented,High Priority,Zone Callide C,253.0,0.0,0.0
Fitzroy Basin,Dawson Valley Water Supply Scheme,Supplemented,High Priority,Zone Dawson B,350.0,1200.0,850.0
Fitzroy Basin,Dawson Valley Water Supply Scheme,Supplemented,High Priority,Zone Dawson C,0.0,0.0,0.0
Fitzroy Basin,Dawson Valley Water Supply Scheme,Supplemented,High Priority,Zone Dawson D,1200.0,748.0,-452.0
Fitzroy Basin,Dawson Valley Water Supply Scheme,Supplemented,High Priority,Zone Dawson E,0.0,3519.0,3519.0
Fitzroy Basin,Dawson Valley Water Supply Scheme,Supplemented,High Priority,Zone Dawson F,0.0,0.0,0.0
Fitzroy Basin,Dawson Valley Water Supply Scheme,Supplemented,High Priority,Zone Dawson G,3319.0,0.0,0.0
Fitzroy Basin,Dawson Valley Water Supply Scheme,Supplemented,High Priority,Zone Dawson H,0.0,1060.0,1060.0
Fitzroy Basin,Dawson Valley Water Supply Scheme,Supplemented,High Priority,Zone Dawson I,862.0,0.0,0.0
Fitzroy Basin,Dawson Valley Water Supply Scheme,Supplemented,High Priority,Zone Dawson J,0.0,600.0,600.0
Fitzroy Basin,Dawson Valley Water Supply Scheme,Supplemented,High Priority,Zone Dawson K,400.0,0.0,0.0
Fitzroy Basin,Dawson Valley Water Supply Scheme,Supplemented,High Priority,Zone Dawson L,0.0,0.0,0.0
Fitzroy Basin,Dawson Valley Water Supply Scheme,Supplemented,High Priority,Zone Dawson M,0.0,0.0,0.0
Fitzroy Basin,Dawson Valley Water Supply Scheme,Supplemented,Medium Priority,Zone Dawson B,460.0,8838.0,8378.0
Fitzroy Basin,Dawson Valley Water Supply Scheme,Supplemented,Medium Priority,Zone Dawson C,1952.0,1817.0,-135.0
Fitzroy Basin,Dawson Valley Water Supply Scheme,Supplemented,Medium Priority,Zone Dawson D,8838.0,4986.0,-3852.0
Fitzroy Basin,Dawson Valley Water Supply Scheme,Supplemented,Medium Priority,Zone Dawson E,3057.0,14450.0,11393.0
Fitzroy Basin,Dawson Valley Water Supply Scheme,Supplemented,Medium Priority,Zone Dawson F,0.0,0.0,0.0
Fitzroy Basin,Dawson Valley Water Supply Scheme,Supplemented,Medium Priority,Zone Dawson G,9826.0,0.0,0.0
Fitzroy Basin,Dawson Valley Water Supply Scheme,Supplemented,Medium Priority,Zone Dawson H,6349.0,30500.0,24151.0
Fitzroy Basin,Dawson Valley Water Supply Scheme,Supplemented,Medium Priority,Zone Dawson I,1757.0,0.0,0.0
Fitzroy Basin,Dawson Valley Water Supply Scheme,Supplemented,Medium Priority,Zone Dawson J,5375.0,9850.0,4475.0
Fitzroy Basin,Dawson Valley Water Supply Scheme,Supplemented,Medium Priority,Zone Dawson K,2500.0,0.0,0.0
Fitzroy Basin,Dawson Valley Water Supply Scheme,Supplemented,Medium Priority,Zone Dawson L,0.0,1760.0,1760.0
Fitzroy Basin,Dawson Valley Water Supply Scheme,Supplemented,Medium Priority,Zone Dawson M,760.0,0.0,0.0
Fitzroy Basin,Dawson Valley Water Supply Scheme,Supplemented,Medium Priority,Zone Dawson I,19276.0,19456.0,180.0
Fitzroy Basin,Nogoa Mackenzie Water Supply Scheme,Supplemented,High Priority,Zone Mackenzie B,0.0,56000.0,56000.0
Fitzroy Basin,Nogoa Mackenzie Water Supply Scheme,Supplemented,High Priority,Zone Mackenzie C,0.0,0.0,0.0
Fitzroy Basin,Nogoa Mackenzie Water Supply Scheme,Supplemented,High Priority,Zone Mackenzie D,0.0,0.0,0.0
Fitzroy Basin,Nogoa Mackenzie Water Supply Scheme,Supplemented,High Priority,Zone Mackenzie E,0.0,0.0,0.0
Fitzroy Basin,Nogoa Mackenzie Water Supply Scheme,Supplemented,High Priority,Zone Mackenzie F,0.0,0.0,0.0
Fitzroy Basin,Nogoa Mackenzie Water Supply Scheme,Supplemented,High Priority,Zone Mackenzie G,12902.0,0.0,0.0
Fitzroy Basin,Nogoa Mackenzie Water Supply Scheme,Supplemented,High Priority,Zone Mackenzie H,290.0,290.0,0.0
Fitzroy Basin,Nogoa Mackenzie Water Supply Scheme,Supplemented,High Priority,Zone Mackenzie I,13526.0,0.0,0.0
Fitzroy Basin,Nogoa Mackenzie Water Supply Scheme,Supplemented,High Priority,Zone Mackenzie J,0.0,0.0,0.0
Fitzroy Basin,Nogoa Mackenzie Water Supply Scheme,Supplemented,High Priority,Zone Mackenzie K,0.0,0.0,0.0
Fitzroy Basin,Nogoa Mackenzie Water Supply Scheme,Supplemented,High Priority,Zone Mackenzie L,1500.0,0.0,0.0
Fitzroy Basin,Nogoa Mackenzie Water Supply Scheme,Supplemented,High Priority,Zone Mackenzie M,9466.0,0.0,0.0
Fitzroy Basin,Nogoa Mackenzie Water Supply Scheme,Supplemented,High Priority,Zone Mackenzie N,8433.0,0.0,0.0
Fitzroy Basin,Nogoa Mackenzie Water Supply Scheme,Supplemented,Medium Priority,Zone Mackenzie B,1270.0,191000.0,189730.0
Fitzroy Basin,Nogoa Mackenzie Water Supply Scheme,Supplemented,Medium Priority,Zone Mackenzie C,1764.0,0.0,0.0
Fitzroy Basin,Nogoa Mackenzie Water Supply Scheme,Supplemented,Medium Priority,Zone Mackenzie D,2330.0,0.0,0.0
Fitzroy Basin,Nogoa Mackenzie Water Supply Scheme,Supplemented,Medium Priority,Zone Mackenzie E,852.0,18000.0,17148.0
Fitzroy Basin,Nogoa Mackenzie Water Supply Scheme,Supplemented,Medium Priority,Zone Mackenzie F,638.0,0.0,0.0
Fitzroy Basin,Nogoa Mackenzie Water Supply Scheme,Supplemented,Medium Priority,Zone Mackenzie G,3616.0,0.0,0.0
Fitzroy Basin,Nogoa Mackenzie Water Supply Scheme,Supplemented,Medium Priority,Zone Mackenzie H,1128.0,1128.0,0.0
Fitzroy Basin,Nogoa Mackenzie Water Supply Scheme,Supplemented,Medium Priority,Zone Mackenzie I,1345.0,0.0,0.0
Fitzroy Basin,Nogoa Mackenzie Water Supply Scheme,Supplemented,Medium Priority,Zone Mackenzie J,1104.0,0.0,0.0
Fitzroy Basin,Nogoa Mackenzie Water Supply Scheme,Supplemented,Medium Priority,Zone Mackenzie K,11480.0,0.0,0.0
Fitzroy Basin,Nogoa Mackenzie Water Supply Scheme,Supplemented,Medium Priority,Zone Mackenzie L,29321.9,0.0,0.0
Fitzroy Basin,Nogoa Mackenzie Water Supply Scheme,Supplemented,Medium Priority,Zone Mackenzie M,15976.0,0.0,0.0
Fitzroy Basin,Nogoa Mackenzie Water Supply Scheme,Supplemented,Medium Priority,Zone Mackenzie N,114937.0,0.0,0.0
Fitzroy Basin,Lower Callide Groundwater Management Area,Unsupplemented,Unsupplemented,Zone Callide 1,1491.0,1900.0,409.0
Fitzroy Basin,Lower Callide Groundwater Management Area,Unsupplemented,Unsupplemented,Zone Callide 2A,1041.0,1200.0,159.0
Fitzroy Basin,Lower Callide Groundwater Management Area,Unsupplemented,Unsupplemented,Zone Callide 2B,3468.0,4200.0,732.0
Fitzroy Basin,Lower Fitzroy Water Supply Scheme,Supplemented,High Priority,Zone Fitzroy A,25515.0,25800.0,285.0
Fitzroy Basin,Lower Fitzroy Water Supply Scheme,Supplemented,High Priority,Zone Fitzroy B,0.0,0.0,0.0
Fitzroy Basin,Lower Fitzroy Water Supply Scheme,Supplemented,High Priority,Zone Fitzroy C,5.0,0.0,0.0
Fitzroy Basin,Lower Fitzroy Water Supply Scheme,Supplemented,Medium Priority,Zone Fitzroy A,0.0,0.0,0.0
Fitzroy Basin,Lower Fitzroy Water Supply Scheme,Supplemented,Medium Priority,Zone Fitzroy B,2580.0,0.0,0.0
Fitzroy Basin,Lower Fitzroy Water Supply Scheme,Supplemented,Medium Priority,Zone Fitzroy C,521.0,0.0,0.0
Fitzroy Basin,Fitzroy Barrage Water Supply Scheme,Supplemented,High Priority,Zone Fitzroy A,50483.0,51200.0,717.0
Fitzroy Basin,Fitzroy Barrage Water Supply Scheme,Supplemented,Medium Priority,Zone Fitzroy A,11610.0,0.0,0.0
Logan Basin,Logan River Water Supply Scheme,Supplemented,High Priority,Burnett Zone A,310.0,340.0,30.0
Logan Basin,Logan River Water Supply Scheme,Supplemented,High Priority,Burnett Zone B,0.0,35.0,35.0
Logan Basin,Logan River Water Supply Scheme,Supplemented,High Priority,Logan Zone A,86.0,120.0,34.0
Logan Basin,Logan River Water Supply Scheme,Supplemented,High Priority,Logan Zone B,0.0,35.0,35.0
Logan Basin,Logan River Water Supply Scheme,Supplemented,High Priority,Logan Zone C,470.0,610.0,140.0
Logan Basin,Logan River Water Supply Scheme,Supplemented,High Priority,Logan Zone D,3765.0,5150.0,1385.0
Logan Basin,Logan River Water Supply Scheme,Supplemented,High Priority,Logan Zone E,10.0,1400.0,1390.0
Logan Basin,Logan River Water Supply Scheme,Supplemented,High Priority,Logan Zone F,0.0,35.0,35.0
Logan Basin,Logan River Water Supply Scheme,Supplemented,High Priority,Logan Zone G,42215.0,46856.0,4641.0
Logan Basin,Logan River Water Supply Scheme,Supplemented,High Priority,Teviot Brook Zone B,0.0,500.0,500.0
Logan Basin,Logan River Water Supply Scheme,Supplemented,Medium Priority,Burnett Zone A,52.0,390.0,338.0
Logan Basin,Logan River Water Supply Scheme,Supplemented,Medium Priority,Burnett Zone B,1549.0,2000.0,451.0
Logan Basin,Logan River Water Supply Scheme,Supplemented,Medium Priority,Logan Zone A,333.0,650.0,317.0
Logan Basin,Logan River Water Supply Scheme,Supplemented,Medium Priority,Logan Zone B,3318.0,4800.0,1482.0
Logan Basin,Logan River Water Supply Scheme,Supplemented,Medium Priority,Logan Zone C,1568.0,3500.0,1932.0
Logan Basin,Logan River Water Supply Scheme,Supplemented,Medium Priority,Logan Zone D,1495.0,3000.0,1505.0
Logan Basin,Logan River Water Supply Scheme,Supplemented,Medium Priority,Logan Zone E,4360.0,4700.0,340.0
Logan Basin,Logan River Water Supply Scheme,Supplemented,Medium Priority,Logan Zone F,65.0,350.0,285.0
Logan Basin,Logan River Water Supply Scheme,Supplemented,Medium Priority,Logan Zone G,219.0,10000.0,9781.0
Logan Basin,Logan River Water Supply Scheme,Supplemented,Medium Priority,Teviot Brook Zone A,100.0,500.0,400.0
Logan Basin,Logan River Water Supply Scheme,Supplemented,Medium Priority,Teviot Brook Zone B,496.0,500.0,4.0
Mary Basin,Lower Mary River Water Supply Scheme,Supplemented,High Priority,Lower Mary Zone,459.0,1809.0,1350.0
Mary Basin,Lower Mary River Water Supply Scheme,Supplemented,Medium Priority,Lower Mary Zone,29942.0,32653.0,2711.0
Mary Basin,Mary Valley Water Supply Scheme,Supplemented,High Priority,Mary Valley Zone A,0.0,0.0,0.0
Mary Basin,Mary Valley Water Supply Scheme,Supplemented,High Priority,Mary Valley Zone B,9964.0,9964.0,0.0
Mary Basin,Mary Valley Water Supply Scheme,Supplemented,High Priority,Mary Valley Zone C,230.0,240.0,10.0
Mary Basin,Mary Valley Water Supply Scheme,Supplemented,High Priority,Mary Valley Zone D,10.0,20.0,10.0
Mary Basin,Mary Valley Water Supply Scheme,Supplemented,High Priority,Mary Valley Zone E,60.0,60.0,0.0
Mary Basin,Mary Valley Water Supply Scheme,Supplemented,Medium Priority,Mary Valley Zone A,10066.0,13327.0,3261.0
Mary Basin,Mary Valley Water Supply Scheme,Supplemented,Medium Priority,Mary Valley Zone B,7116.0,13305.0,6189.0
Mary Basin,Mary Valley Water Supply Scheme,Supplemented,Medium Priority,Mary Valley Zone C,3407.0,5889.0,2482.0
Mary Basin,Mary Valley Water Supply Scheme,Supplemented,Medium Priority,Mary Valley Zone D,0.0,0.0,0.0
Mary Basin,Mary Valley Water Supply Scheme,Supplemented,Medium Priority,Mary Valley Zone E,1263.0,2234.0,971.0
Mary Basin,Teddington Weir Water Supply Scheme,Supplemented,High Priority,Teddington Weir Zone,8179.0,8179.0,0.0
Mary Basin,Teddington Weir Water Supply Scheme,Supplemented,Medium Priority,Teddington Weir Zone,2690.0,3426.0,736.0
Moreton,Lower Lockyer Water Supply Scheme,Supplemented,Medium Priority,Lower Lockyer Zone A,3313.0,3313.0,0.0
Moreton,Lower Lockyer Water Supply Scheme,Supplemented,Medium Priority,Lower Lockyer Zone B,738.0,886.0,148.0
Moreton,Lower Lockyer Water Supply Scheme,Supplemented,Medium Priority,Lower Lockyer Zone C,2257.0,2793.0,536.0
Moreton,Lower Lockyer Water Supply Scheme,Supplemented,Medium Priority,Lower Lockyer Zone D,3263.0,3792.0,529.0
Moreton,Lower Lockyer Water Supply Scheme,Supplemented,Medium Priority,Lower Lockyer Zone E,3049.0,3175.0,126.0
Moreton,Warrill Valley Water Supply Scheme,Supplemented,High Priority,Warrill Zone A,1760.0,1760.0,0.0
Moreton,Warrill Valley Water Supply Scheme,Supplemented,High Priority,Warrill Zone B,50.0,50.0,0.0
Moreton,Warrill Valley Water Supply Scheme,Supplemented,High Priority,Warrill Zone C,250.0,250.0,0.0
Moreton,Warrill Valley Water Supply Scheme,Supplemented,High Priority,Warrill Zone D,14.0,14.0,0.0
Moreton,Warrill Valley Water Supply Scheme,Supplemented,High Priority,Warrill Zone E,0.0,376.0,376.0
Moreton,Warrill Valley Water Supply Scheme,Supplemented,High Priority,Warrill Zone F,3876.0,3876.0,0.0
Moreton,Warrill Valley Water Supply Scheme,Supplemented,Medium Priority,Warrill Zone A,3190.0,3442.0,252.0
Moreton,Warrill Valley Water Supply Scheme,Supplemented,Medium Priority,Warrill Zone B,2640.0,2932.0,292.0
Moreton,Warrill Valley Water Supply Scheme,Supplemented,Medium Priority,Warrill Zone C,9536.0,10984.0,1448.0
Moreton,Warrill Valley Water Supply Scheme,Supplemented,Medium Priority,Warrill Zone D,6823.0,7331.0,508.0
Moreton,Warrill Valley Water Supply Scheme,Supplemented,Medium Priority,Warrill Zone E,1365.0,1466.0,101.0
Moreton,Warrill Valley Water Supply Scheme,Supplemented,Medium Priority,Warrill Zone F,331.0,1466.0,1135.0
Pioneer Valley,Pioneer River Water Supply Scheme,Supplemented,High Priority,Zone Cattle Creek 1,0.0,90.0,90.0
Pioneer Valley,Pioneer River Water Supply Scheme,Supplemented,High Priority,Zone Cattle Creek 2,0.0,310.0,310.0
Pioneer Valley,Pioneer River Water Supply Scheme,Supplemented,High Priority,Zone Pioneer 3,700.0,4500.0,3800.0
Pioneer Valley,Pioneer River Water Supply Scheme,Supplemented,High Priority,Zone Pioneer 4,0.0,250.0,250.0
Pioneer Valley,Pioneer River Water Supply Scheme,Supplemented,High Priority,Zone Silver Mcgregor 1,0.0,0.0,0.0
Pioneer Valley,Pioneer River Water Supply Scheme,Supplemented,High Priority,Zone Teemburra 1,8.0,475.0,467.0
Pioneer Valley,Pioneer River Water Supply Scheme,Supplemented,High Priority,Zone Bakers Creek 1,0.0,0.0,0.0
Pioneer Valley,Pioneer River Water Supply Scheme,Supplemented,High Priority,Zone Pioneer 1,18100.0,30400.0,12300.0
Pioneer Valley,Pioneer River Water Supply Scheme,Supplemented,High Priority,Zone Pioneer 2,11855.0,12600.0,745.0
Pioneer Valley,Pioneer River Water Supply Scheme,Supplemented,High Priority,Zone Cattle Creek 1,1750.0,7683.0,5933.0
Pioneer Valley,Pioneer River Water Supply Scheme,Supplemented,High Priority,Zone Cattle Creek 2,2824.0,4300.0,1476.0
Pioneer Valley,Pioneer River Water Supply Scheme,Supplemented,High Priority,Zone Pioneer 3,4439.0,11500.0,7061.0
Pioneer Valley,Pioneer River Water Supply Scheme,Supplemented,High Priority,Zone Pioneer 4,2780.0,4400.0,1620.0
Pioneer Valley,Pioneer River Water Supply Scheme,Supplemented,High Priority,Zone Silver Mcgregor 1,4537.0,6000.0,1463.0
Pioneer Valley,Pioneer River Water Supply Scheme,Supplemented,High Priority,Zone Teemburra 1,4886.0,6100.0,1214.0
Pioneer Valley,Pioneer River Water Supply Scheme,Supplemented,High Priority,Zone Bakers Creek 1,3000.0,4726.0,1726.0
Pioneer Valley,Pioneer River Water Supply Scheme,Supplemented,High Priority,Zone Pioneer 1,7510.0,17700.0,10190.0
Pioneer Valley,Pioneer River Water Supply Scheme,Supplemented,High Priority,Zone Pioneer 2,7972.0,14700.0,6728.0
Whitsunday Basin,Proserpine River Water Supply Scheme,Supplemented,High Priority,Proserpine Zone A,13357.0,16357.0,3000.0
Whitsunday Basin,Proserpine River Water Supply Scheme,Supplemented,High Priority,Proserpine Zone B,8643.0,15643.0,7000.0
Whitsunday Basin,Proserpine River Water Supply Scheme,Supplemented,High Priority,Proserpine Zone C,0.0,0.0,0.0
Whitsunday Basin,Proserpine River Water Supply Scheme,Supplemented,High Priority,Proserpine Zone D,0.0,0.0,0.0
Whitsunday Basin,Proserpine River Water Supply Scheme,Supplemented,Medium Priority,Proserpine Zone A,9943.0,27426.0,17483.0
Whitsunday Basin,Proserpine River Water Supply Scheme,Supplemented,Medium Priority,Proserpine Zone B,17933.0,36142.0,18209.0
Whitsunday Basin,Proserpine River Water Supply Scheme,Supplemented,Medium Priority,Proserpine Zone C,0.0,0.0,0.0
Whitsunday Basin,Proserpine River Water Supply Scheme,Supplemented,Medium Priority,Proserpine Zone D,0.0,0.0,0.0
Whitsunday Basin,Proserpine River Water Supply Scheme,Supplemented,Medium Priority,Proserpine Zone A,0.0,0.0,0.0
Whitsunday Basin,Proserpine River Water Supply Scheme,Supplemented,Medium Priority,Proserpine Zone B,0.0,0.0,0.0
Whitsunday Basin,Proserpine River Water Supply Scheme,Supplemented,Medium Priority,Proserpine Zone C,3000.0,3000.0,0.0
Whitsunday Basin,Proserpine River Water Supply Scheme,Supplemented,Medium Priority,Proserpine Zone D,0.0,0.0,0.0
Whitsunday Basin,Proserpine River Water Supply Scheme,Supplemented,Medium Priority,Proserpine Zone A,0.0,0.0,0.0
Whitsunday Basin,Proserpine River Water Supply Scheme,Supplemented,Medium Priority,Proserpine Zone B,0.0,0.0,0.0
Whitsunday Basin,Proserpine River Water Supply Scheme,Supplemented,Medium Priority,Proserpine Zone C,0.0,0.0,0.0
Whitsunday Basin,Proserpine River Water Supply Scheme,Supplemented,Medium Priority,Proserpine Zone D,10000.0,10000.0,0.0
